in_sugar,in_bitter,in_loom,in_object,seed,out_feed,out_escape,out_approach,out_retreat
0,0,0,0,1,0.0,0.0,0.0,0.0
0,0,0,0,2,0.0,0.0,0.0,0.0
50,0,0,0,1,56.66666666666667,0.0,0.0,0.0
50,0,0,0,2,63.333333333333336,0.0,0.0,0.0
100,0,0,0,1,86.66666666666667,0.0,2.5,0.0
100,0,0,0,2,70.0,0.0,5.0,0.0
200,0,0,0,1,91.66666666666667,0.0,3.3333333333333335,0.0
200,0,0,0,2,91.66666666666667,0.0,5.0,0.0
0,50,0,0,1,0.0,0.0,0.0,0.0
0,50,0,0,2,0.0,0.0,0.0,0.0
0,100,0,0,1,0.0,0.0,0.0,0.0
0,100,0,0,2,0.0,0.0,0.0,0.0
0,200,0,0,1,0.0,0.0,0.0,0.0
0,200,0,0,2,0.0,0.0,0.0,0.0
0,0,50,0,1,0.0,123.33333333333334,0.0,0.0
0,0,50,0,2,0.0,125.0,0.0,0.0
0,0,100,0,1,0.0,163.33333333333334,1.6666666666666667,4.166666666666667
0,0,100,0,2,0.0,163.33333333333334,0.8333333333333334,7.5
0,0,200,0,1,0.0,203.33333333333334,14.166666666666668,19.166666666666668
0,0,200,0,2,0.0,203.33333333333334,10.833333333333334,16.666666666666668
0,0,0,50,1,0.0,3.3333333333333335,30.833333333333336,0.0
0,0,0,50,2,0.0,1.6666666666666667,35.0,0.0
0,0,0,100,1,0.0,0.0,72.5,3.3333333333333335
0,0,0,100,2,0.0,1.6666666666666667,84.16666666666667,1.6666666666666667
0,0,0,200,1,0.0,0.0,148.33333333333334,26.666666666666668
0,0,0,200,2,0.0,1.6666666666666667,146.66666666666669,23.333333333333336
100,100,0,0,1,35.0,0.0,1.6666666666666667,0.0
100,100,0,0,2,28.333333333333336,0.0,1.6666666666666667,0.0
100,0,100,0,1,1.6666666666666667,158.33333333333334,1.6666666666666667,4.166666666666667
100,0,100,0,2,1.6666666666666667,160.0,0.8333333333333334,7.5
100,0,0,100,1,0.0,0.0,74.16666666666667,0.8333333333333334
100,0,0,100,2,0.0,1.6666666666666667,87.5,1.6666666666666667
0,100,100,0,1,0.0,163.33333333333334,1.6666666666666667,1.6666666666666667
0,100,100,0,2,0.0,156.66666666666669,0.8333333333333334,4.166666666666667
0,100,0,100,1,0.0,0.0,77.5,1.6666666666666667
0,100,0,100,2,0.0,1.6666666666666667,82.5,2.5
0,0,100,100,1,0.0,145.0,70.83333333333334,13.333333333333334
0,0,100,100,2,0.0,146.66666666666669,76.66666666666667,9.166666666666668
100,100,100,100,1,0.0,146.66666666666669,75.0,5.833333333333334
100,100,100,100,2,0.0,146.66666666666669,74.16666666666667,5.833333333333334
200,200,200,200,1,0.0,193.33333333333334,163.33333333333334,9.166666666666668
200,200,200,200,2,0.0,195.0,160.0,8.333333333333334
